feature1,feature2,feature3,target
1.0,2.0,3.0,10.0
2.0,3.0,4.0,15.0
3.0,4.0,5.0,20.0
4.0,5.0,6.0,25.0
5.0,6.0,7.0,30.0
6.0,7.0,8.0,35.0
7.0,8.0,9.0,40.0
8.0,9.0,10.0,45.0
9.0,10.0,11.0,50.0
10.0,11.0,12.0,55.0
11.0,12.0,13.0,20.0
12.0,13.0,14.0,25.0
13.0,14.0,15.0,30.0
14.0,15.0,16.0,35.0
15.0,16.0,17.0,40.0
16.0,17.0,18.0,45.0
17.0,18.0,19.0,50.0
18.0,19.0,20.0,55.0
19.0,20.0,21.0,60.0
20.0,21.0,22.0,65.0
21.0,22.0,23.0,30.0
22.0,23.0,24.0,35.0
23.0,24.0,25.0,40.0
24.0,25.0,26.0,45.0
25.0,26.0,27.0,50.0
26.0,27.0,28.0,55.0
27.0,28.0,29.0,60.0
28.0,29.0,30.0,65.0
29.0,30.0,31.0,70.0
30.0,31.0,32.0,75.0
31.0,32.0,33.0,40.0
32.0,33.0,34.0,45.0
33.0,34.0,35.0,50.0
34.0,35.0,36.0,55.0
35.0,36.0,37.0,60.0
36.0,37.0,38.0,65.0
37.0,38.0,39.0,70.0
38.0,39.0,40.0,75.0
39.0,40.0,41.0,80.0
40.0,41.0,42.0,85.0
41.0,42.0,43.0,50.0
42.0,43.0,44.0,55.0
43.0,44.0,45.0,60.0
44.0,45.0,46.0,65.0
45.0,46.0,47.0,70.0
46.0,47.0,48.0,75.0
47.0,48.0,49.0,80.0
48.0,49.0,50.0,85.0
49.0,50.0,51.0,90.0
50.0,51.0,52.0,95.0
51.0,52.0,53.0,60.0
52.0,53.0,54.0,65.0
53.0,54.0,55.0,70.0
54.0,55.0,56.0,75.0
55.0,56.0,57.0,80.0
56.0,57.0,58.0,85.0
57.0,58.0,59.0,90.0
58.0,59.0,60.0,95.0
59.0,60.0,61.0,100.0
60.0,61.0,62.0,105.0
61.0,62.0,63.0,70.0
62.0,63.0,64.0,75.0
63.0,64.0,65.0,80.0
64.0,65.0,66.0,85.0
65.0,66.0,67.0,90.0
66.0,67.0,68.0,95.0
67.0,68.0,69.0,100.0
68.0,69.0,70.0,105.0
69.0,70.0,71.0,110.0
70.0,71.0,72.0,115.0
71.0,72.0,73.0,80.0
72.0,73.0,74.0,85.0
73.0,74.0,75.0,90.0
74.0,75.0,76.0,95.0
75.0,76.0,77.0,100.0
76.0,77.0,78.0,105.0
77.0,78.0,79.0,110.0
78.0,79.0,80.0,115.0
79.0,80.0,81.0,120.0
80.0,81.0,82.0,125.0
81.0,82.0,83.0,90.0
82.0,83.0,84.0,95.0
83.0,84.0,85.0,100.0
84.0,85.0,86.0,105.0
85.0,86.0,87.0,110.0
86.0,87.0,88.0,115.0
87.0,88.0,89.0,120.0
88.0,89.0,90.0,125.0
89.0,90.0,91.0,130.0
90.0,91.0,92.0,135.0
91.0,92.0,93.0,100.0
92.0,93.0,94.0,105.0
93.0,94.0,95.0,110.0
94.0,95.0,96.0,115.0
95.0,96.0,97.0,120.0
96.0,97.0,98.0,125.0
97.0,98.0,99.0,130.0
98.0,99.0,100.0,135.0
99.0,100.0,101.0,140.0
100.0,101.0,102.0,145.0
101.0,102.0,103.0,110.0
102.0,103.0,104.0,115.0
103.0,104.0,105.0,120.0
104.0,105.0,106.0,125.0
105.0,106.0,107.0,130.0
106.0,107.0,108.0,135.0
107.0,108.0,109.0,140.0
108.0,109.0,110.0,145.0
109.0,110.0,111.0,150.0
110.0,111.0,112.0,155.0
111.0,112.0,113.0,120.0
112.0,113.0,114.0,125.0
113.0,114.0,115.0,130.0
114.0,115.0,116.0,135.0
115.0,116.0,117.0,140.0
116.0,117.0,118.0,145.0
117.0,118.0,119.0,150.0
118.0,119.0,120.0,155.0
119.0,120.0,121.0,160.0
120.0,121.0,122.0,165.0
121.0,122.0,123.0,130.0
122.0,123.0,124.0,135.0
123.0,124.0,125.0,140.0
124.0,125.0,126.0,145.0
125.0,126.0,127.0,150.0
126.0,127.0,128.0,155.0
127.0,128.0,129.0,160.0
128.0,129.0,130.0,165.0
129.0,130.0,131.0,170.0
130.0,131.0,132.0,175.0
131.0,132.0,133.0,140.0
132.0,133.0,134.0,145.0
133.0,134.0,135.0,150.0
134.0,135.0,136.0,155.0
135.0,136.0,137.0,160.0
136.0,137.0,138.0,165.0
137.0,138.0,139.0,170.0
138.0,139.0,140.0,175.0
139.0,140.0,141.0,180.0
140.0,141.0,142.0,185.0
141.0,142.0,143.0,150.0
142.0,143.0,144.0,155.0
143.0,144.0,145.0,160.0
144.0,145.0,146.0,165.0
145.0,146.0,147.0,170.0
146.0,147.0,148.0,175.0
147.0,148.0,149.0,180.0
148.0,149.0,150.0,185.0
149.0,150.0,151.0,190.0
150.0,151.0,152.0,195.0
151.0,152.0,153.0,160.0
152.0,153.0,154.0,165.0
153.0,154.0,155.0,170.0
154.0,155.0,156.0,175.0
155.0,156.0,157.0,180.0
156.0,157.0,158.0,185.0
157.0,158.0,159.0,190.0
158.0,159.0,160.0,195.0
159.0,160.0,161.0,200.0
160.0,161.0,162.0,205.0
161.0,162.0,163.0,170.0
162.0,163.0,164.0,175.0
163.0,164.0,165.0,180.0
164.0,165.0,166.0,185.0
165.0,166.0,167.0,190.0
166.0,167.0,168.0,195.0
167.0,168.0,169.0,200.0
168.0,169.0,170.0,205.0
169.0,170.0,171.0,210.0
170.0,171.0,172.0,215.0
171.0,172.0,173.0,180.0
172.0,173.0,174.0,185.0
173.0,174.0,175.0,190.0
174.0,175.0,176.0,195.0
175.0,176.0,177.0,200.0
176.0,177.0,178.0,205.0
177.0,178.0,179.0,210.0
178.0,179.0,180.0,215.0
179.0,180.0,181.0,220.0
180.0,181.0,182.0,225.0
181.0,182.0,183.0,190.0
182.0,183.0,184.0,195.0
183.0,184.0,185.0,200.0
184.0,185.0,186.0,205.0
185.0,186.0,187.0,210.0
186.0,187.0,188.0,215.0
187.0,188.0,189.0,220.0
188.0,189.0,190.0,225.0
189.0,190.0,191.0,230.0
190.0,191.0,192.0,235.0
191.0,192.0,193.0,200.0
192.0,193.0,194.0,205.0
193.0,194.0,195.0,210.0
194.0,195.0,196.0,215.0
195.0,196.0,197.0,220.0
196.0,197.0,198.0,225.0
197.0,198.0,199.0,230.0
198.0,199.0,200.0,235.0
199.0,200.0,201.0,240.0
200.0,201.0,202.0,245.0
201.0,202.0,203.0,210.0
202.0,203.0,204.0,215.0
203.0,204.0,205.0,220.0
204.0,205.0,206.0,225.0
205.0,206.0,207.0,230.0
206.0,207.0,208.0,235.0
207.0,208.0,209.0,240.0
208.0,209.0,210.0,245.0
209.0,210.0,211.0,250.0
210.0,211.0,212.0,255.0
211.0,212.0,213.0,220.0
212.0,213.0,214.0,225.0
213.0,214.0,215.0,230.0
214.0,215.0,216.0,235.0
215.0,216.0,217.0,240.0
216.0,217.0,218.0,245.0
217.0,218.0,219.0,250.0
218.0,219.0,220.0,255.0
219.0,220.0,221.0,260.0
220.0,221.0,222.0,265.0
221.0,222.0,223.0,230.0
222.0,223.0,224.0,235.0
223.0,224.0,225.0,240.0
224.0,225.0,226.0,245.0
225.0,226.0,227.0,250.0
226.0,227.0,228.0,255.0
227.0,228.0,229.0,260.0
228.0,229.0,230.0,265.0
229.0,230.0,231.0,270.0
230.0,231.0,232.0,275.0
231.0,232.0,233.0,240.0
232.0,233.0,234.0,245.0
233.0,234.0,235.0,250.0
234.0,235.0,236.0,255.0
235.0,236.0,237.0,260.0
236.0,237.0,238.0,265.0
237.0,238.0,239.0,270.0
238.0,239.0,240.0,275.0
239.0,240.0,241.0,280.0
240.0,241.0,242.0,285.0
241.0,242.0,243.0,250.0
242.0,243.0,244.0,255.0
243.0,244.0,245.0,260.0
244.0,245.0,246.0,265.0
245.0,246.0,247.0,270.0
246.0,247.0,248.0,275.0
247.0,248.0,249.0,280.0
248.0,249.0,250.0,285.0
249.0,250.0,251.0,290.0
250.0,251.0,252.0,295.0
251.0,252.0,253.0,260.0
252.0,253.0,254.0,265.0
253.0,254.0,255.0,270.0
254.0,255.0,256.0,275.0
255.0,256.0,257.0,280.0
256.0,257.0,258.0,285.0
257.0,258.0,259.0,290.0
258.0,259.0,260.0,295.0
259.0,260.0,261.0,300.0
260.0,261.0,262.0,305.0
261.0,262.0,263.0,270.0
262.0,263.0,264.0,275.0
263.0,264.0,265.0,280.0
264.0,265.0,266.0,285.0
265.0,266.0,267.0,290.0
266.0,267.0,268.0,295.0
267.0,268.0,269.0,300.0
268.0,269.0,270.0,305.0
269.0,270.0,271.0,310.0
270.0,271.0,272.0,315.0
271.0,272.0,273.0,280.0
272.0,273.0,274.0,285.0
273.0,274.0,275.0,290.0
274.0,275.0,276.0,295.0
275.0,276.0,277.0,300.0
276.0,277.0,278.0,305.0
277.0,278.0,279.0,310.0
278.0,279.0,280.0,315.0
279.0,280.0,281.0,320.0
280.0,281.0,282.0,325.0
281.0,282.0,283.0,290.0
282.0,283.0,284.0,295.0
283.0,284.0,285.0,300.0
284.0,285.0,286.0,305.0
285.0,286.0,287.0,310.0
286.0,287.0,288.0,315.0
287.0,288.0,289.0,320.0
288.0,289.0,290.0,325.0
289.0,290.0,291.0,330.0
290.0,291.0,292.0,335.0
291.0,292.0,293.0,300.0
292.0,293.0,294.0,305.0
293.0,294.0,295.0,310.0
294.0,295.0,296.0,315.0
295.0,296.0,297.0,320.0
296.0,297.0,298.0,325.0
297.0,298.0,299.0,330.0
298.0,299.0,300.0,335.0
299.0,300.0,301.0,340.0
300.0,301.0,302.0,345.0
301.0,302.0,303.0,310.0
302.0,303.0,304.0,315.0
303.0,304.0,305.0,320.0
304.0,305.0,306.0,325.0
305.0,306.0,307.0,330.0
306.0,307.0,308.0,335.0
307.0,308.0,309.0,340.0
308.0,309.0,310.0,345.0
309.0,310.0,311.0,350.0
310.0,311.0,312.0,355.0
311.0,312.0,313.0,320.0
312.0,313.0,314.0,325.0
313.0,314.0,315.0,330.0
314.0,315.0,316.0,335.0
315.0,316.0,317.0,340.0
316.0,317.0,318.0,345.0
317.0,318.0,319.0,350.0
318.0,319.0,320.0,355.0
319.0,320.0,321.0,360.0
320.0,321.0,322.0,365.0
321.0,322.0,323.0,330.0
322.0,323.0,324.0,335.0
323.0,324.0,325.0,340.0
324.0,325.0,326.0,345.0
325.0,326.0,327.0,350.0
326.0,327.0,328.0,355.0
327.0,328.0,329.0,360.0
328.0,329.0,330.0,365.0
329.0,330.0,331.0,370.0
330.0,331.0,332.0,375.0
331.0,332.0,333.0,340.0
332.0,333.0,334.0,345.0
333.0,334.0,335.0,350.0
334.0,335.0,336.0,355.0
335.0,336.0,337.0,360.0
336.0,337.0,338.0,365.0
337.0,338.0,339.0,370.0
338.0,339.0,340.0,375.0
339.0,340.0,341.0,380.0
340.0,341.0,342.0,385.0
341.0,342.0,343.0,350.0
342.0,343.0,344.0,355.0
343.0,344.0,345.0,360.0
344.0,345.0,346.0,365.0
345.0,346.0,347.0,370.0
346.0,347.0,348.0,375.0
347.0,348.0,349.0,380.0
348.0,349.0,350.0,385.0
349.0,350.0,351.0,390.0
350.0,351.0,352.0,395.0
351.0,352.0,353.0,360.0
352.0,353.0,354.0,365.0
353.0,354.0,355.0,370.0
354.0,355.0,356.0,375.0
355.0,356.0,357.0,380.0
356.0,357.0,358.0,385.0
357.0,358.0,359.0,390.0
358.0,359.0,360.0,395.0
359.0,360.0,361.0,400.0
360.0,361.0,362.0,405.0
361.0,362.0,363.0,370.0
362.0,363.0,364.0,375.0
363.0,364.0,365.0,380.0
364.0,365.0,366.0,385.0
365.0,366.0,367.0,390.0
366.0,367.0,368.0,395.0
367.0,368.0,369.0,400.0
368.0,369.0,370.0,405.0
369.0,370.0,371.0,410.0
370.0,371.0,372.0,415.0
371.0,372.0,373.0,380.0
372.0,373.0,374.0,385.0
373.0,374.0,375.0,390.0
374.0,375.0,376.0,395.0
375.0,376.0,377.0,400.0
376.0,377.0,378.0,405.0
377.0,378.0,379.0,410.0
378.0,379.0,380.0,415.0
379.0,380.0,381.0,420.0
380.0,381.0,382.0,425.0
381.0,382.0,383.0,390.0
382.0,383.0,384.0,395.0
383.0,384.0,385.0,400.0
384.0,385.0,386.0,405.0
385.0,386.0,387.0,410.0
386.0,387.0,388.0,415.0
387.0,388.0,389.0,420.0
388.0,389.0,390.0,425.0
389.0,390.0,391.0,430.0
390.0,391.0,392.0,435.0
391.0,392.0,393.0,400.0
392.0,393.0,394.0,405.0
393.0,394.0,395.0,410.0
394.0,395.0,396.0,415.0
395.0,396.0,397.0,420.0
396.0,397.0,398.0,425.0
397.0,398.0,399.0,430.0
398.0,399.0,400.0,435.0
399.0,400.0,401.0,440.0
400.0,401.0,402.0,445.0
401.0,402.0,403.0,410.0
402.0,403.0,404.0,415.0
403.0,404.0,405.0,420.0
404.0,405.0,406.0,425.0
405.0,406.0,407.0,430.0
406.0,407.0,408.0,435.0
407.0,408.0,409.0,440.0
408.0,409.0,410.0,445.0
409.0,410.0,411.0,450.0
410.0,411.0,412.0,455.0
411.0,412.0,413.0,420.0
412.0,413.0,414.0,425.0
413.0,414.0,415.0,430.0
414.0,415.0,416.0,435.0
415.0,416.0,417.0,440.0
416.0,417.0,418.0,445.0
417.0,418.0,419.0,450.0
418.0,419.0,420.0,455.0
419.0,420.0,421.0,460.0
420.0,421.0,422.0,465.0
421.0,422.0,423.0,430.0
422.0,423.0,424.0,435.0
423.0,424.0,425.0,440.0
424.0,425.0,426.0,445.0
425.0,426.0,427.0,450.0
426.0,427.0,428.0,455.0
427.0,428.0,429.0,460.0
428.0,429.0,430.0,465.0
429.0,430.0,431.0,470.0
430.0,431.0,432.0,475.0
431.0,432.0,433.0,440.0
432.0,433.0,434.0,445.0
433.0,434.0,435.0,450.0
434.0,435.0,436.0,455.0
435.0,436.0,437.0,460.0
436.0,437.0,438.0,465.0
437.0,438.0,439.0,470.0
438.0,439.0,440.0,475.0
439.0,440.0,441.0,480.0
440.0,441.0,442.0,485.0
441.0,442.0,443.0,450.0
442.0,443.0,444.0,455.0
443.0,444.0,445.0,460.0
444.0,445.0,446.0,465.0
445.0,446.0,447.0,470.0
446.0,447.0,448.0,475.0
447.0,448.0,449.0,480.0
448.0,449.0,450.0,485.0
449.0,450.0,451.0,490.0
450.0,451.0,452.0,495.0
451.0,452.0,453.0,460.0
452.0,453.0,454.0,465.0
453.0,454.0,455.0,470.0
454.0,455.0,456.0,475.0
455.0,456.0,457.0,480.0
456.0,457.0,458.0,485.0
457.0,458.0,459.0,490.0
458.0,459.0,460.0,495.0
459.0,460.0,461.0,500.0
460.0,461.0,462.0,505.0
461.0,462.0,463.0,470.0
462.0,463.0,464.0,475.0
463.0,464.0,465.0,480.0
464.0,465.0,466.0,485.0
465.0,466.0,467.0,490.0
466.0,467.0,468.0,495.0
467.0,468.0,469.0,500.0
468.0,469.0,470.0,505.0
469.0,470.0,471.0,510.0
470.0,471.0,472.0,515.0
471.0,472.0,473.0,480.0
472.0,473.0,474.0,485.0
473.0,474.0,475.0,490.0
474.0,475.0,476.0,495.0
475.0,476.0,477.0,500.0
476.0,477.0,478.0,505.0
477.0,478.0,479.0,510.0
478.0,479.0,480.0,515.0
479.0,480.0,481.0,520.0
480.0,481.0,482.0,525.0
481.0,482.0,483.0,490.0
482.0,483.0,484.0,495.0
483.0,484.0,485.0,500.0
484.0,485.0,486.0,505.0
485.0,486.0,487.0,510.0
486.0,487.0,488.0,515.0
487.0,488.0,489.0,520.0
488.0,489.0,490.0,525.0
489.0,490.0,491.0,530.0
490.0,491.0,492.0,535.0
491.0,492.0,493.0,500.0
492.0,493.0,494.0,505.0
493.0,494.0,495.0,510.0
494.0,495.0,496.0,515.0
495.0,496.0,497.0,520.0
496.0,497.0,498.0,525.0
497.0,498.0,499.0,530.0
498.0,499.0,500.0,535.0
499.0,500.0,501.0,540.0
500.0,501.0,502.0,545.0
501.0,502.0,503.0,510.0
502.0,503.0,504.0,515.0
503.0,504.0,505.0,520.0
504.0,505.0,506.0,525.0
505.0,506.0,507.0,530.0
506.0,507.0,508.0,535.0
507.0,508.0,509.0,540.0
508.0,509.0,510.0,545.0
509.0,510.0,511.0,550.0
510.0,511.0,512.0,555.0
511.0,512.0,513.0,520.0
512.0,513.0,514.0,525.0
513.0,514.0,515.0,530.0
514.0,515.0,516.0,535.0
515.0,516.0,517.0,540.0
516.0,517.0,518.0,545.0
517.0,518.0,519.0,550.0
518.0,519.0,520.0,555.0
519.0,520.0,521.0,560.0
520.0,521.0,522.0,565.0
521.0,522.0,523.0,530.0
522.0,523.0,524.0,535.0
523.0,524.0,525.0,540.0
524.0,525.0,526.0,545.0
525.0,526.0,527.0,550.0
526.0,527.0,528.0,555.0
527.0,528.0,529.0,560.0
528.0,529.0,530.0,565.0
529.0,530.0,531.0,570.0
530.0,531.0,532.0,575.0
531.0,532.0,533.0,540.0
532.0,533.0,534.0,545.0
533.0,534.0,535.0,550.0
534.0,535.0,536.0,555.0
535.0,536.0,537.0,560.0
536.0,537.0,538.0,565.0
537.0,538.0,539.0,570.0
538.0,539.0,540.0,575.0
539.0,540.0,541.0,580.0
540.0,541.0,542.0,585.0
541.0,542.0,543.0,550.0
542.0,543.0,544.0,555.0
543.0,544.0,545.0,560.0
544.0,545.0,546.0,565.0
545.0,546.0,547.0,570.0
546.0,547.0,548.0,575.0
547.0,548.0,549.0,580.0
548.0,549.0,550.0,585.0
549.0,550.0,551.0,590.0
550.0,551.0,552.0,595.0
551.0,552.0,553.0,560.0
552.0,553.0,554.0,565.0
553.0,554.0,555.0,570.0
554.0,555.0,556.0,575.0
555.0,556.0,557.0,580.0
556.0,557.0,558.0,585.0
557.0,558.0,559.0,590.0
558.0,559.0,560.0,595.0
559.0,560.0,561.0,600.0
560.0,561.0,562.0,605.0
561.0,562.0,563.0,570.0
562.0,563.0,564.0,575.0
563.0,564.0,565.0,580.0
564.0,565.0,566.0,585.0
565.0,566.0,567.0,590.0
566.0,567.0,568.0,595.0
567.0,568.0,569.0,600.0
568.0,569.0,570.0,605.0
569.0,570.0,571.0,610.0
570.0,571.0,572.0,615.0
571.0,572.0,573.0,580.0
572.0,573.0,574.0,585.0
573.0,574.0,575.0,590.0
574.0,575.0,576.0,595.0
575.0,576.0,577.0,600.0
576.0,577.0,578.0,605.0
577.0,578.0,579.0,610.0
578.0,579.0,580.0,615.0
579.0,580.0,581.0,620.0
580.0,581.0,582.0,625.0
581.0,582.0,583.0,590.0
582.0,583.0,584.0,595.0
583.0,584.0,585.0,600.0
584.0,585.0,586.0,605.0
585.0,586.0,587.0,610.0
586.0,587.0,588.0,615.0
587.0,588.0,589.0,620.0
588.0,589.0,590.0,625.0
589.0,590.0,591.0,630.0
590.0,591.0,592.0,635.0
591.0,592.0,593.0,600.0
592.0,593.0,594.0,605.0
593.0,594.0,595.0,610.0
594.0,595.0,596.0,615.0
595.0,596.0,597.0,620.0
596.0,597.0,598.0,625.0
597.0,598.0,599.0,630.0
598.0,599.0,600.0,635.0
599.0,600.0,601.0,640.0
600.0,601.0,602.0,645.0
601.0,602.0,603.0,610.0
602.0,603.0,604.0,615.0
603.0,604.0,605.0,620.0
604.0,605.0,606.0,625.0
605.0,606.0,607.0,630.0
606.0,607.0,608.0,635.0
607.0,608.0,609.0,640.0
608.0,609.0,610.0,645.0
609.0,610.0,611.0,650.0
610.0,611.0,612.0,655.0
611.0,612.0,613.0,620.0
612.0,613.0,614.0,625.0
613.0,614.0,615.0,630.0
614.0,615.0,616.0,635.0
615.0,616.0,617.0,640.0
616.0,617.0,618.0,645.0
617.0,618.0,619.0,650.0
618.0,619.0,620.0,655.0
619.0,620.0,621.0,660.0
620.0,621.0,622.0,665.0
621.0,622.0,623.0,630.0
622.0,623.0,624.0,635.0
623.0,624.0,625.0,640.0
624.0,625.0,626.0,645.0
625.0,626.0,627.0,650.0
626.0,627.0,628.0,655.0
627.0,628.0,629.0,660.0
628.0,629.0,630.0,665.0
629.0,630.0,631.0,670.0
630.0,631.0,632.0,675.0
631.0,632.0,633.0,640.0
632.0,633.0,634.0,645.0
633.0,634.0,635.0,650.0
634.0,635.0,636.0,655.0
635.0,636.0,637.0,660.0
636.0,637.0,638.0,665.0
637.0,638.0,639.0,670.0
638.0,639.0,640.0,675.0
639.0,640.0,641.0,680.0
640.0,641.0,642.0,685.0
641.0,642.0,643.0,650.0
642.0,643.0,644.0,655.0
643.0,644.0,645.0,660.0
644.0,645.0,646.0,665.0
645.0,646.0,647.0,670.0
646.0,647.0,648.0,675.0
647.0,648.0,649.0,680.0
648.0,649.0,650.0,685.0
649.0,650.0,651.0,690.0
650.0,651.0,652.0,695.0
651.0,652.0,653.0,660.0
652.0,653.0,654.0,665.0
653.0,654.0,655.0,670.0
654.0,655.0,656.0,675.0
655.0,656.0,657.0,680.0
656.0,657.0,658.0,685.0
657.0,658.0,659.0,690.0
658.0,659.0,660.0,695.0
659.0,660.0,661.0,700.0
660.0,661.0,662.0,705.0
661.0,662.0,663.0,670.0
662.0,663.0,664.0,675.0
663.0,664.0,665.0,680.0
664.0,665.0,666.0,685.0
665.0,666.0,667.0,690.0
666.0,667.0,668.0,695.0
667.0,668.0,669.0,700.0
668.0,669.0,670.0,705.0
669.0,670.0,671.0,710.0
670.0,671.0,672.0,715.0
671.0,672.0,673.0,680.0
672.0,673.0,674.0,685.0
673.0,674.0,675.0,690.0
674.0,675.0,676.0,695.0
675.0,676.0,677.0,700.0
676.0,677.0,678.0,705.0
677.0,678.0,679.0,710.0
678.0,679.0,680.0,715.0
679.0,680.0,681.0,720.0
680.0,681.0,682.0,725.0
681.0,682.0,683.0,690.0
682.0,683.0,684.0,695.0
683.0,684.0,685.0,700.0
684.0,685.0,686.0,705.0
685.0,686.0,687.0,710.0
686.0,687.0,688.0,715.0
687.0,688.0,689.0,720.0
688.0,689.0,690.0,725.0
689.0,690.0,691.0,730.0
690.0,691.0,692.0,735.0
691.0,692.0,693.0,700.0
692.0,693.0,694.0,705.0
693.0,694.0,695.0,710.0
694.0,695.0,696.0,715.0
695.0,696.0,697.0,720.0
696.0,697.0,698.0,725.0
697.0,698.0,699.0,730.0
698.0,699.0,700.0,735.0
699.0,700.0,701.0,740.0
700.0,701.0,702.0,745.0
701.0,702.0,703.0,710.0
702.0,703.0,704.0,715.0
703.0,704.0,705.0,720.0
704.0,705.0,706.0,725.0
705.0,706.0,707.0,730.0
706.0,707.0,708.0,735.0
707.0,708.0,709.0,740.0
708.0,709.0,710.0,745.0
709.0,710.0,711.0,750.0
710.0,711.0,712.0,755.0
711.0,712.0,713.0,720.0
712.0,713.0,714.0,725.0
713.0,714.0,715.0,730.0
714.0,715.0,716.0,735.0
715.0,716.0,717.0,740.0
716.0,717.0,718.0,745.0
717.0,718.0,719.0,750.0
718.0,719.0,720.0,755.0
719.0,720.0,721.0,760.0
720.0,721.0,722.0,765.0
721.0,722.0,723.0,730.0
722.0,723.0,724.0,735.0
723.0,724.0,725.0,740.0
724.0,725.0,726.0,745.0
725.0,726.0,727.0,750.0
726.0,727.0,728.0,755.0
727.0,728.0,729.0,760.0
728.0,729.0,730.0,765.0
729.0,730.0,731.0,770.0
730.0,731.0,732.0,775.0
731.0,732.0,733.0,740.0
732.0,733.0,734.0,745.0
733.0,734.0,735.0,750.0
734.0,735.0,736.0,755.0
735.0,736.0,737.0,760.0
736.0,737.0,738.0,765.0
737.0,738.0,739.0,770.0
738.0,739.0,740.0,775.0
739.0,740.0,741.0,780.0
740.0,741.0,742.0,785.0
741.0,742.0,743.0,750.0
742.0,743.0,744.0,755.0
743.0,744.0,745.0,760.0
744.0,745.0,746.0,765.0
745.0,746.0,747.0,770.0
746.0,747.0,748.0,775.0
747.0,748.0,749.0,780.0
748.0,749.0,750.0,785.0
749.0,750.0,751.0,790.0
750.0,751.0,752.0,795.0
751.0,752.0,753.0,760.0
752.0,753.0,754.0,765.0
753.0,754.0,755.0,770.0
754.0,755.0,756.0,775.0
755.0,756.0,757.0,780.0
756.0,757.0,758.0,785.0
757.0,758.0,759.0,790.0
758.0,759.0,760.0,795.0
759.0,760.0,761.0,800.0
760.0,761.0,762.0,805.0
761.0,762.0,763.0,770.0
762.0,763.0,764.0,775.0
763.0,764.0,765.0,780.0
764.0,765.0,766.0,785.0
765.0,766.0,767.0,790.0
766.0,767.0,768.0,795.0
767.0,768.0,769.0,800.0
768.0,769.0,770.0,805.0
769.0,770.0,771.0,810.0
770.0,771.0,772.0,815.0
771.0,772.0,773.0,780.0
772.0,773.0,774.0,785.0
773.0,774.0,775.0,790.0
774.0,775.0,776.0,795.0
775.0,776.0,777.0,800.0
776.0,777.0,778.0,805.0
777.0,778.0,779.0,810.0
778.0,779.0,780.0,815.0
779.0,780.0,781.0,820.0
780.0,781.0,782.0,825.0
781.0,782.0,783.0,790.0
782.0,783.0,784.0,795.0
783.0,784.0,785.0,800.0
784.0,785.0,786.0,805.0
785.0,786.0,787.0,810.0
786.0,787.0,788.0,815.0
787.0,788.0,789.0,820.0
788.0,789.0,790.0,825.0
789.0,790.0,791.0,830.0
790.0,791.0,792.0,835.0
791.0,792.0,793.0,800.0
792.0,793.0,794.0,805.0
793.0,794.0,795.0,810.0
794.0,795.0,796.0,815.0
795.0,796.0,797.0,820.0
796.0,797.0,798.0,825.0
797.0,798.0,799.0,830.0
798.0,799.0,800.0,835.0
799.0,800.0,801.0,840.0
800.0,801.0,802.0,845.0
801.0,802.0,803.0,810.0
802.0,803.0,804.0,815.0
803.0,804.0,805.0,820.0
804.0,805.0,806.0,825.0
805.0,806.0,807.0,830.0
806.0,807.0,808.0,835.0
807.0,808.0,809.0,840.0
808.0,809.0,810.0,845.0
809.0,810.0,811.0,850.0
810.0,811.0,812.0,855.0
811.0,812.0,813.0,820.0
812.0,813.0,814.0,825.0
813.0,814.0,815.0,830.0
814.0,815.0,816.0,835.0
815.0,816.0,817.0,840.0
816.0,817.0,818.0,845.0
817.0,818.0,819.0,850.0
818.0,819.0,820.0,855.0
819.0,820.0,821.0,860.0
820.0,821.0,822.0,865.0
821.0,822.0,823.0,830.0
822.0,823.0,824.0,835.0
823.0,824.0,825.0,840.0
824.0,825.0,826.0,845.0
825.0,826.0,827.0,850.0
826.0,827.0,828.0,855.0
827.0,828.0,829.0,860.0
828.0,829.0,830.0,865.0
829.0,830.0,831.0,870.0
830.0,831.0,832.0,875.0
831.0,832.0,833.0,840.0
832.0,833.0,834.0,845.0
833.0,834.0,835.0,850.0
834.0,835.0,836.0,855.0
835.0,836.0,837.0,860.0
836.0,837.0,838.0,865.0
837.0,838.0,839.0,870.0
838.0,839.0,840.0,875.0
839.0,840.0,841.0,880.0
840.0,841.0,842.0,885.0
841.0,842.0,843.0,850.0
842.0,843.0,844.0,855.0
843.0,844.0,845.0,860.0
844.0,845.0,846.0,865.0
845.0,846.0,847.0,870.0
846.0,847.0,848.0,875.0
847.0,848.0,849.0,880.0
848.0,849.0,850.0,885.0
849.0,850.0,851.0,890.0
850.0,851.0,852.0,895.0
851.0,852.0,853.0,860.0
852.0,853.0,854.0,865.0
853.0,854.0,855.0,870.0
854.0,855.0,856.0,875.0
855.0,856.0,857.0,880.0
856.0,857.0,858.0,885.0
857.0,858.0,859.0,890.0
858.0,859.0,860.0,895.0
859.0,860.0,861.0,900.0
860.0,861.0,862.0,905.0
861.0,862.0,863.0,870.0
862.0,863.0,864.0,875.0
863.0,864.0,865.0,880.0
864.0,865.0,866.0,885.0
865.0,866.0,867.0,890.0
866.0,867.0,868.0,895.0
867.0,868.0,869.0,900.0
868.0,869.0,870.0,905.0
869.0,870.0,871.0,910.0
870.0,871.0,872.0,915.0
871.0,872.0,873.0,880.0
872.0,873.0,874.0,885.0
873.0,874.0,875.0,890.0
874.0,875.0,876.0,895.0
875.0,876.0,877.0,900.0
876.0,877.0,878.0,905.0
877.0,878.0,879.0,910.0
878.0,879.0,880.0,915.0
879.0,880.0,881.0,920.0
880.0,881.0,882.0,925.0
881.0,882.0,883.0,890.0
882.0,883.0,884.0,895.0
883.0,884.0,885.0,900.0
884.0,885.0,886.0,905.0
885.0,886.0,887.0,910.0
886.0,887.0,888.0,915.0
887.0,888.0,889.0,920.0
888.0,889.0,890.0,925.0
889.0,890.0,891.0,930.0
890.0,891.0,892.0,935.0
891.0,892.0,893.0,900.0
892.0,893.0,894.0,905.0
893.0,894.0,895.0,910.0
894.0,895.0,896.0,915.0
895.0,896.0,897.0,920.0
896.0,897.0,898.0,925.0
897.0,898.0,899.0,930.0
898.0,899.0,900.0,935.0
899.0,900.0,901.0,940.0
900.0,901.0,902.0,945.0
901.0,902.0,903.0,910.0
902.0,903.0,904.0,915.0
903.0,904.0,905.0,920.0
904.0,905.0,906.0,925.0
905.0,906.0,907.0,930.0
906.0,907.0,908.0,935.0
907.0,908.0,909.0,940.0
908.0,909.0,910.0,945.0
909.0,910.0,911.0,950.0
910.0,911.0,912.0,955.0
911.0,912.0,913.0,920.0
912.0,913.0,914.0,925.0
913.0,914.0,915.0,930.0
914.0,915.0,916.0,935.0
915.0,916.0,917.0,940.0
916.0,917.0,918.0,945.0
917.0,918.0,919.0,950.0
918.0,919.0,920.0,955.0
919.0,920.0,921.0,960.0
920.0,921.0,922.0,965.0
921.0,922.0,923.0,930.0
922.0,923.0,924.0,935.0
923.0,924.0,925.0,940.0
924.0,925.0,926.0,945.0
925.0,926.0,927.0,950.0
926.0,927.0,928.0,955.0
927.0,928.0,929.0,960.0
928.0,929.0,930.0,965.0
929.0,930.0,931.0,970.0
930.0,931.0,932.0,975.0
931.0,932.0,933.0,940.0
932.0,933.0,934.0,945.0
933.0,934.0,935.0,950.0
934.0,935.0,936.0,955.0
935.0,936.0,937.0,960.0
936.0,937.0,938.0,965.0
937.0,938.0,939.0,970.0
938.0,939.0,940.0,975.0
939.0,940.0,941.0,980.0
940.0,941.0,942.0,985.0
941.0,942.0,943.0,950.0
942.0,943.0,944.0,955.0
943.0,944.0,945.0,960.0
944.0,945.0,946.0,965.0
945.0,946.0,947.0,970.0
946.0,947.0,948.0,975.0
947.0,948.0,949.0,980.0
948.0,949.0,950.0,985.0
949.0,950.0,951.0,990.0
950.0,951.0,952.0,995.0
951.0,952.0,953.0,960.0
952.0,953.0,954.0,965.0
953.0,954.0,955.0,970.0
954.0,955.0,956.0,975.0
955.0,956.0,957.0,980.0
956.0,957.0,958.0,985.0
957.0,958.0,959.0,990.0
958.0,959.0,960.0,995.0
959.0,960.0,961.0,1000.0
960.0,961.0,962.0,1005.0
961.0,962.0,963.0,970.0
962.0,963.0,964.0,975.0
963.0,964.0,965.0,980.0
964.0,965.0,966.0,985.0
965.0,966.0,967.0,990.0
966.0,967.0,968.0,995.0
967.0,968.0,969.0,1000.0
968.0,969.0,970.0,1005.0
969.0,970.0,971.0,1010.0
970.0,971.0,972.0,1015.0
971.0,972.0,973.0,980.0
972.0,973.0,974.0,985.0
973.0,974.0,975.0,990.0
974.0,975.0,976.0,995.0
975.0,976.0,977.0,1000.0
976.0,977.0,978.0,1005.0
977.0,978.0,979.0,1010.0
978.0,979.0,980.0,1015.0
979.0,980.0,981.0,1020.0
980.0,981.0,982.0,1025.0
981.0,982.0,983.0,990.0
982.0,983.0,984.0,995.0
983.0,984.0,985.0,1000.0
984.0,985.0,986.0,1005.0
985.0,986.0,987.0,1010.0
986.0,987.0,988.0,1015.0
987.0,988.0,989.0,1020.0
988.0,989.0,990.0,1025.0
989.0,990.0,991.0,1030.0
990.0,991.0,992.0,1035.0
991.0,992.0,993.0,1000.0
992.0,993.0,994.0,1005.0
993.0,994.0,995.0,1010.0
994.0,995.0,996.0,1015.0
995.0,996.0,997.0,1020.0
996.0,997.0,998.0,1025.0
997.0,998.0,999.0,1030.0
998.0,999.0,1000.0,1035.0
999.0,1000.0,1001.0,1040.0
1000.0,1001.0,1002.0,1045.0
